{"cameraMode":{"drawMode":0,"name":"Shaded","section":"Shading Mode"},"sceneLighting":true,"audioPlay":false,"sceneViewState":{"m_AlwaysRefresh":false,"showFog":true,"showSkybox":true,"showFlares":true,"showImageEffects":true,"showParticleSystems":true,"showVisualEffectGraphs":true,"m_FxEnabled":true},"in2DMode":false,"pivot":{"x":0.21070289611816407,"y":-1.851552963256836,"z":0.23941421508789063},"rotation":{"x":0.0494636632502079,"y":0.025465603917837144,"z":-0.001261494355276227,"w":0.998449444770813},"size":11.371655464172364,"orthographic":true}