{"cameraMode":{"drawMode":0,"name":"Shaded","section":"Shading Mode"},"sceneLighting":true,"audioPlay":false,"sceneViewState":{"m_AlwaysRefresh":false,"showFog":true,"showSkybox":true,"showFlares":true,"showImageEffects":true,"showParticleSystems":true,"showVisualEffectGraphs":true,"m_FxEnabled":true},"in2DMode":false,"pivot":{"x":0.05108821392059326,"y":-1.118518352508545,"z":0.3238067626953125},"rotation":{"x":0.049461714923381808,"y":0.0269632488489151,"z":-0.0013356884010136128,"w":0.9984101057052612},"size":8.157320022583008,"orthographic":true}